{
  "mean": [
    0.041124820709228516,
    -0.11360502243041992,
    0.5111640095710754,
    0.8801463842391968,
    -0.026982350274920464,
    1.5609420537948608,
    0.05635737627744675,
    -0.6578611731529236,
    0.9879953861236572,
    1.7769314050674438,
    -2.0242486000061035,
    -0.9712942838668823,
    1.7318124771118164,
    0.6138967871665955,
    0.13923999667167664
  ],
  "std": [
    0.1632101833820343,
    0.1059388518333435,
    0.061944399029016495,
    2.9589030742645264,
    0.10343477129936218,
    0.3002932667732239,
    0.029437582939863205,
    0.317374587059021,
    0.1640571653842926,
    0.2506104111671448,
    0.4190084636211395,
    0.19989357888698578,
    0.1472303718328476,
    0.3437247574329376,
    0.9903196096420288
  ]
}